job_link,job_title,company_name,time_posted,num_applicants
https://www.linkedin.com/jobs/view/4343011374,Software Engineer,Microsoft,,55 applicants
https://www.linkedin.com/jobs/view/4342659917,Software Engineer,Microsoft,,134 applicants
https://www.linkedin.com/jobs/view/4342749404,Software Engineer,Microsoft,,62 applicants
https://www.linkedin.com/jobs/view/4342609924,Software Engineer,Microsoft,,102 applicants
https://www.linkedin.com/jobs/view/4349070082,Frontend Developer,Deloitte,,
https://www.linkedin.com/jobs/view/4343001460,Data Science,Microsoft,,38 applicants
https://www.linkedin.com/jobs/view/4342810272,Software Engineer 2,Microsoft,,44 applicants
https://www.linkedin.com/jobs/view/4349050542,Full Stack Developer,Deloitte,,
https://www.linkedin.com/jobs/view/4342779684,Software Engineering,Microsoft,,59 applicants
https://www.linkedin.com/jobs/view/4348852292,Software Developer 1,Oracle,1 day ago,
https://www.linkedin.com/jobs/view/4342694048,Data Scientist,Microsoft,1 day ago,
https://www.linkedin.com/jobs/view/4342669897,Software Engineer II,Microsoft,,25 applicants
https://www.linkedin.com/jobs/view/4342732923,Warehousing Officer @ Bangalore,Aditya Birla Group,1 day ago,
https://www.linkedin.com/jobs/view/4348769459,Python Developer,Virtusa,,66 applicants
https://www.linkedin.com/jobs/view/4348934630,Java Software Engineer,Deloitte,,
https://www.linkedin.com/jobs/view/4342851419,Senior Software Engineer Backend,Uber,,41 applicants
https://www.linkedin.com/jobs/view/4348865519,Java Developer,Deloitte,,
https://www.linkedin.com/jobs/view/4348915100,Software Developer,Tata Technologies,,
https://www.linkedin.com/jobs/view/4342800387,Software Engineer II,Microsoft,,54 applicants
https://www.linkedin.com/jobs/view/4341342349,Assistant Manager – Finance Controller,Reliance Retail,1 day ago,
https://www.linkedin.com/jobs/view/4348804565,SOFTWARE ENGINEER III,Walmart Global Tech India,1 day ago,62 applicants
https://www.linkedin.com/jobs/view/4342698954,Business Intelligence Analyst,Luxury Personified,,140 applicants
https://www.linkedin.com/jobs/view/4339912608,City Operations Head - PAN India,Curefit,,
https://www.linkedin.com/jobs/view/4342761357,Sales Development Manager,Pidilite Industries Limited,1 day ago,
https://www.linkedin.com/jobs/view/4342780380,Software Engineer,Logitech,1 day ago,
https://www.linkedin.com/jobs/view/4341161759,Software Engineer III,Walmart Global Tech India,1 day ago,
https://www.linkedin.com/jobs/view/4349161309,Software Engineer,Thomson Reuters,,
https://www.linkedin.com/jobs/view/4348932333,Software Engineer III,Walmart Global Tech India,1 day ago,47 applicants
https://www.linkedin.com/jobs/view/4340996770,DE-Front-end Developer-GDSN-E,EY,,
https://www.linkedin.com/jobs/view/4342971389,Sales Manager - Talent Account Executive,LinkedIn,,
https://www.linkedin.com/jobs/view/4342559928,S & F Officer,Britannia Industries Limited,,44 applicants
https://www.linkedin.com/jobs/view/4342721092,Full stack developer,Capgemini,,
https://www.linkedin.com/jobs/view/4342571438,Software Engineer,Ford Motor Company,1 day ago,
https://www.linkedin.com/jobs/view/4342768511,Software Engineer - Full stack Development,Emerson,,125 applicants
https://www.linkedin.com/jobs/view/4342970019,Frontend Developer,EXL,,
https://www.linkedin.com/jobs/view/4342572834,Consulting Project Management,Microsoft,1 day ago,
https://www.linkedin.com/jobs/view/4342683823,Software Engineer,First Advantage,,
https://www.linkedin.com/jobs/view/4342900813,Java developer,Capgemini,,
https://www.linkedin.com/jobs/view/4348795301,SOFTWARE ENGINEER III,Walmart Global Tech India,1 day ago,
https://www.linkedin.com/jobs/view/4340552833,Talent Acquisition Junior Analyst,Deutsche Bank,,
https://www.linkedin.com/jobs/view/4341362802,"SENIOR, SOFTWARE ENGINEER",Walmart Global Tech India,,96 applicants
https://www.linkedin.com/jobs/view/4342762811,Data Scientist,Capgemini,1 day ago,
https://www.linkedin.com/jobs/view/4342810053,Back End Java Developer - Associate,Deutsche Bank,,165 applicants
https://www.linkedin.com/jobs/view/4348905695,Business Analyst,Persistent Systems,,
https://www.linkedin.com/jobs/view/4342729696,IN_Intern/Trainee,PwC India,,80 applicants
https://www.linkedin.com/jobs/view/4340714088,ML Engineer,Capgemini,1 day ago,
https://www.linkedin.com/jobs/view/4336606556,"Full-Stack Software Engineer - Front-End (Angular, NodeJS, Adobe WEM)",Cisco,,195 applicants
https://www.linkedin.com/jobs/view/4342626428,Apprentice Role for Non-Technology hiring 2025 – 2026,Deutsche Bank,,137 applicants
https://www.linkedin.com/jobs/view/4342768176,Software Development Engineer,Amazon,,113 applicants
